<?xml version="1.0" encoding="UTF-8" standalone="yes"?>
<manifest>
  <control namespace="ShapeControls" constructor="UselessToggle" version="0.0.1" display-name-key="UselessToggle" description-key="Toggle control for your Toggle control needs" control-type="standard" api-version="1.3.0">
    <property name="ToggleAttribute" display-name-key="UselessToggle_ToggleAttribute" description-key="The Toggle value" of-type="TwoOptions" usage="bound" required="true"/>
    <type-group name="fieldtypes">
      <type>TwoOptions</type>
    </type-group>
    <resources>
      <code path="bundle.js" order="1"/>
      <css path="css/UselessToggle.css" order="1"/>
    </resources>
    <built-by name="pac" version="1.6.6"/>
  </control>
</manifest>